[{"model": "auth.permission", "pk": 1, "fields": {"name": "Can add log entry", "content_type": 1, "codename": "add_logentry"}}, {"model": "auth.permission", "pk": 2, "fields": {"name": "Can change log entry", "content_type": 1, "codename": "change_logentry"}}, {"model": "auth.permission", "pk": 3, "fields": {"name": "Can delete log entry", "content_type": 1, "codename": "delete_logentry"}}, {"model": "auth.permission", "pk": 4, "fields": {"name": "Can view log entry", "content_type": 1, "codename": "view_logentry"}}, {"model": "auth.permission", "pk": 5, "fields": {"name": "Can add permission", "content_type": 2, "codename": "add_permission"}}, {"model": "auth.permission", "pk": 6, "fields": {"name": "Can change permission", "content_type": 2, "codename": "change_permission"}}, {"model": "auth.permission", "pk": 7, "fields": {"name": "Can delete permission", "content_type": 2, "codename": "delete_permission"}}, {"model": "auth.permission", "pk": 8, "fields": {"name": "Can view permission", "content_type": 2, "codename": "view_permission"}}, {"model": "auth.permission", "pk": 9, "fields": {"name": "Can add group", "content_type": 3, "codename": "add_group"}}, {"model": "auth.permission", "pk": 10, "fields": {"name": "Can change group", "content_type": 3, "codename": "change_group"}}, {"model": "auth.permission", "pk": 11, "fields": {"name": "Can delete group", "content_type": 3, "codename": "delete_group"}}, {"model": "auth.permission", "pk": 12, "fields": {"name": "Can view group", "content_type": 3, "codename": "view_group"}}, {"model": "auth.permission", "pk": 13, "fields": {"name": "Can add content type", "content_type": 4, "codename": "add_contenttype"}}, {"model": "auth.permission", "pk": 14, "fields": {"name": "Can change content type", "content_type": 4, "codename": "change_contenttype"}}, {"model": "auth.permission", "pk": 15, "fields": {"name": "Can delete content type", "content_type": 4, "codename": "delete_contenttype"}}, {"model": "auth.permission", "pk": 16, "fields": {"name": "Can view content type", "content_type": 4, "codename": "view_contenttype"}}, {"model": "auth.permission", "pk": 17, "fields": {"name": "Can add session", "content_type": 5, "codename": "add_session"}}, {"model": "auth.permission", "pk": 18, "fields": {"name": "Can change session", "content_type": 5, "codename": "change_session"}}, {"model": "auth.permission", "pk": 19, "fields": {"name": "Can delete session", "content_type": 5, "codename": "delete_session"}}, {"model": "auth.permission", "pk": 20, "fields": {"name": "Can view session", "content_type": 5, "codename": "view_session"}}, {"model": "auth.permission", "pk": 21, "fields": {"name": "Can add product category", "content_type": 6, "codename": "add_productcategory"}}, {"model": "auth.permission", "pk": 22, "fields": {"name": "Can change product category", "content_type": 6, "codename": "change_productcategory"}}, {"model": "auth.permission", "pk": 23, "fields": {"name": "Can delete product category", "content_type": 6, "codename": "delete_productcategory"}}, {"model": "auth.permission", "pk": 24, "fields": {"name": "Can view product category", "content_type": 6, "codename": "view_productcategory"}}, {"model": "auth.permission", "pk": 25, "fields": {"name": "Can add product", "content_type": 7, "codename": "add_product"}}, {"model": "auth.permission", "pk": 26, "fields": {"name": "Can change product", "content_type": 7, "codename": "change_product"}}, {"model": "auth.permission", "pk": 27, "fields": {"name": "Can delete product", "content_type": 7, "codename": "delete_product"}}, {"model": "auth.permission", "pk": 28, "fields": {"name": "Can view product", "content_type": 7, "codename": "view_product"}}, {"model": "auth.permission", "pk": 29, "fields": {"name": "Can add menu category", "content_type": 8, "codename": "add_menucategory"}}, {"model": "auth.permission", "pk": 30, "fields": {"name": "Can change menu category", "content_type": 8, "codename": "change_menucategory"}}, {"model": "auth.permission", "pk": 31, "fields": {"name": "Can delete menu category", "content_type": 8, "codename": "delete_menucategory"}}, {"model": "auth.permission", "pk": 32, "fields": {"name": "Can view menu category", "content_type": 8, "codename": "view_menucategory"}}, {"model": "auth.permission", "pk": 33, "fields": {"name": "Can add user", "content_type": 9, "codename": "add_shopuser"}}, {"model": "auth.permission", "pk": 34, "fields": {"name": "Can change user", "content_type": 9, "codename": "change_shopuser"}}, {"model": "auth.permission", "pk": 35, "fields": {"name": "Can delete user", "content_type": 9, "codename": "delete_shopuser"}}, {"model": "auth.permission", "pk": 36, "fields": {"name": "Can view user", "content_type": 9, "codename": "view_shopuser"}}, {"model": "auth.permission", "pk": 37, "fields": {"name": "Can add basket", "content_type": 10, "codename": "add_basket"}}, {"model": "auth.permission", "pk": 38, "fields": {"name": "Can change basket", "content_type": 10, "codename": "change_basket"}}, {"model": "auth.permission", "pk": 39, "fields": {"name": "Can delete basket", "content_type": 10, "codename": "delete_basket"}}, {"model": "auth.permission", "pk": 40, "fields": {"name": "Can view basket", "content_type": 10, "codename": "view_basket"}}, {"model": "auth.permission", "pk": 41, "fields": {"name": "Can add association", "content_type": 11, "codename": "add_association"}}, {"model": "auth.permission", "pk": 42, "fields": {"name": "Can change association", "content_type": 11, "codename": "change_association"}}, {"model": "auth.permission", "pk": 43, "fields": {"name": "Can delete association", "content_type": 11, "codename": "delete_association"}}, {"model": "auth.permission", "pk": 44, "fields": {"name": "Can view association", "content_type": 11, "codename": "view_association"}}, {"model": "auth.permission", "pk": 45, "fields": {"name": "Can add code", "content_type": 12, "codename": "add_code"}}, {"model": "auth.permission", "pk": 46, "fields": {"name": "Can change code", "content_type": 12, "codename": "change_code"}}, {"model": "auth.permission", "pk": 47, "fields": {"name": "Can delete code", "content_type": 12, "codename": "delete_code"}}, {"model": "auth.permission", "pk": 48, "fields": {"name": "Can view code", "content_type": 12, "codename": "view_code"}}, {"model": "auth.permission", "pk": 49, "fields": {"name": "Can add nonce", "content_type": 13, "codename": "add_nonce"}}, {"model": "auth.permission", "pk": 50, "fields": {"name": "Can change nonce", "content_type": 13, "codename": "change_nonce"}}, {"model": "auth.permission", "pk": 51, "fields": {"name": "Can delete nonce", "content_type": 13, "codename": "delete_nonce"}}, {"model": "auth.permission", "pk": 52, "fields": {"name": "Can view nonce", "content_type": 13, "codename": "view_nonce"}}, {"model": "auth.permission", "pk": 53, "fields": {"name": "Can add user social auth", "content_type": 14, "codename": "add_usersocialauth"}}, {"model": "auth.permission", "pk": 54, "fields": {"name": "Can change user social auth", "content_type": 14, "codename": "change_usersocialauth"}}, {"model": "auth.permission", "pk": 55, "fields": {"name": "Can delete user social auth", "content_type": 14, "codename": "delete_usersocialauth"}}, {"model": "auth.permission", "pk": 56, "fields": {"name": "Can view user social auth", "content_type": 14, "codename": "view_usersocialauth"}}, {"model": "auth.permission", "pk": 57, "fields": {"name": "Can add partial", "content_type": 15, "codename": "add_partial"}}, {"model": "auth.permission", "pk": 58, "fields": {"name": "Can change partial", "content_type": 15, "codename": "change_partial"}}, {"model": "auth.permission", "pk": 59, "fields": {"name": "Can delete partial", "content_type": 15, "codename": "delete_partial"}}, {"model": "auth.permission", "pk": 60, "fields": {"name": "Can view partial", "content_type": 15, "codename": "view_partial"}}, {"model": "auth.permission", "pk": 61, "fields": {"name": "Can add shop user profile", "content_type": 16, "codename": "add_shopuserprofile"}}, {"model": "auth.permission", "pk": 62, "fields": {"name": "Can change shop user profile", "content_type": 16, "codename": "change_shopuserprofile"}}, {"model": "auth.permission", "pk": 63, "fields": {"name": "Can delete shop user profile", "content_type": 16, "codename": "delete_shopuserprofile"}}, {"model": "auth.permission", "pk": 64, "fields": {"name": "Can view shop user profile", "content_type": 16, "codename": "view_shopuserprofile"}}, {"model": "auth.permission", "pk": 65, "fields": {"name": "Can add \u0437\u0430\u043a\u0430\u0437", "content_type": 17, "codename": "add_order"}}, {"model": "auth.permission", "pk": 66, "fields": {"name": "Can change \u0437\u0430\u043a\u0430\u0437", "content_type": 17, "codename": "change_order"}}, {"model": "auth.permission", "pk": 67, "fields": {"name": "Can delete \u0437\u0430\u043a\u0430\u0437", "content_type": 17, "codename": "delete_order"}}, {"model": "auth.permission", "pk": 68, "fields": {"name": "Can view \u0437\u0430\u043a\u0430\u0437", "content_type": 17, "codename": "view_order"}}, {"model": "auth.permission", "pk": 69, "fields": {"name": "Can add order item", "content_type": 18, "codename": "add_orderitem"}}, {"model": "auth.permission", "pk": 70, "fields": {"name": "Can change order item", "content_type": 18, "codename": "change_orderitem"}}, {"model": "auth.permission", "pk": 71, "fields": {"name": "Can delete order item", "content_type": 18, "codename": "delete_orderitem"}}, {"model": "auth.permission", "pk": 72, "fields": {"name": "Can view order item", "content_type": 18, "codename": "view_orderitem"}}, {"model": "sessions.session", "pk": "6anhrgapzphhar5336mcrqksi9kd175r", "fields": {"session_data": "Mjg4NjE0NDkzMDMxY2I5MDVlMTI0YWMxN2EyODljYTNiZmZjZTkyMzp7Im5leHQiOiIvIiwidmstb2F1dGgyX3N0YXRlIjoiU1Jkd3VRSTQ4RE1HSWZFYUxDRG52NTM1RTdrY3RjWmQifQ==", "expire_date": "2020-09-09T04:45:51.414Z"}}, {"model": "sessions.session", "pk": "6oey5jojwt0iqi0j9tbon3o5lyx2vqas", "fields": {"session_data": ".eJxVjMsOwiAQRf-FtSFQ3i7d-w1kYAapGkhKuzL-uzbpQrf3nHNfLMK21rgNWuKM7MwkO_1uCfKD2g7wDu3Wee5tXebEd4UfdPBrR3peDvfvoMKo3zq7bJ0xaSpCkSpS6CSLVi4HEkglB4sSIYD1FkGT12CRgvLK2ADSTOz9AfFSOBA:1k3FBi:ZZMCCUyCty8Bp0X8UrwqzgzhSOQjYZkV3J1Tq8nvIDQ", "expire_date": "2020-08-19T08:54:18.601Z"}}, {"model": "sessions.session", "pk": "fykwzocchdl8vsm0uy7t1t1bvinpj7m4", "fields": {"session_data": "MDVhYzQ2ODgzNTEyZmJmYzI4ZDAxZDdmNDUxMGVlNDNmODVlNmFhZTp7Il9hdXRoX3VzZXJfaWQiOiIxIiwiX2F1dGhfdXNlcl9iYWNrZW5kIjoiZGphbmdvLmNvbnRyaWIuYXV0aC5iYWNrZW5kcy5Nb2RlbEJhY2tlbmQiLCJfYXV0aF91c2VyX2hhc2giOiI0NDE3YTY2YjViOTRjOTQxMWVjYjNkMWUzMTZjNTdlYjlkYTg5ZWU1In0=", "expire_date": "2020-09-05T19:01:27.707Z"}}, {"model": "sessions.session", "pk": "zyngotlwhr8mmkzjfspnwx0ymzvj8vfs", "fields": {"session_data": "ZTljYjk1MjFhMjM5MDYwMGQwYzYxNWU4NjBmNjY5ZGVjNjk2YjgzMDp7Im5leHQiOiIvIiwidmstb2F1dGgyX3N0YXRlIjoiVnpyRldNTkRtd2VJNFp5Wmt1QTZiZ0NNQ0FmeGxzZHgiLCJfYXV0aF91c2VyX2lkIjoiMSIsIl9hdXRoX3VzZXJfYmFja2VuZCI6ImRqYW5nby5jb250cmliLmF1dGguYmFja2VuZHMuTW9kZWxCYWNrZW5kIiwiX2F1dGhfdXNlcl9oYXNoIjoiNDQxN2E2NmI1Yjk0Yzk0MTFlY2IzZDFlMzE2YzU3ZWI5ZGE4OWVlNSJ9", "expire_date": "2020-09-14T06:15:07.625Z"}}, {"model": "mainapp.productcategory", "pk": 13, "fields": {"name": "\u0434\u043e\u043c", "description": "\u043e\u0442\u043b\u0438\u0447\u043d\u0430\u044f \u043c\u0435\u0431\u0435\u043b\u044c \u0434\u043b\u044f \u0434\u043e\u043c\u0430\u0448\u043d\u0435\u0433\u043e \u0438\u043d\u0442\u0435\u0440\u044c\u0435\u0440\u0430.", "is_active": true}}, {"model": "mainapp.productcategory", "pk": 14, "fields": {"name": "\u043e\u0444\u0438\u0441", "description": "\u0441\u0442\u0438\u043b\u044c\u043d\u0430\u044f \u0438 \u043d\u0430\u0434\u0435\u0436\u043d\u0430\u044f \u043e\u0444\u0438\u0441\u043d\u0430\u044f \u043c\u0435\u0431\u0435\u043b\u044c \u043d\u043e\u0432\u043e\u0433\u043e \u043f\u043e\u043a\u043e\u043b\u0435\u043d\u0438\u044f.", "is_active": true}}, {"model": "mainapp.productcategory", "pk": 15, "fields": {"name": "\u043c\u043e\u0434\u0435\u0440\u043d", "description": "\u043c\u0435\u0431\u0435\u043b\u044c \u0432 \u0441\u0442\u0438\u043b\u0435 \u041c\u041e\u0414\u0415\u0420\u041d \u043f\u043e\u0434\u043e\u0439\u0434\u0435\u0442 \u0434\u043b\u044f \u043b\u044e\u0431\u043e\u0433\u043e \u0438\u043d\u0442\u0435\u0440\u044c\u0435\u0440\u0430.", "is_active": true}}, {"model": "mainapp.productcategory", "pk": 16, "fields": {"name": "\u043a\u043b\u0430\u0441\u0441\u0438\u043a\u0430", "description": "\u043a\u043b\u0430\u0441\u0441\u0438\u0447\u0435\u0441\u043a\u0438\u0439 \u0441\u0442\u0438\u043b\u044c \u0430\u043a\u0442\u0443\u0430\u043b\u0435\u043d \u0432 \u043b\u044e\u0431\u044b\u0435 \u0432\u0440\u0435\u043c\u0435\u043d\u0430.", "is_active": true}}, {"model": "mainapp.productcategory", "pk": 17, "fields": {"name": "\u0411\u0430\u0440\u043e\u043a\u043a\u043e", "description": "\u041a\u043b\u0430\u0441\u0441\u0438\u0447\u0435\u0441\u043a\u043e\u0435 \u0431\u0430\u0440\u043e\u043a\u043a\u043e \u043f\u043e\u0434\u0440\u0430\u0437\u0443\u043c\u0435\u0432\u0430\u0435\u0442 \u0438\u0441\u043f\u043e\u043b\u044c\u0437\u043e\u0432\u0430\u043d\u0438\u0435 \u0432 \u0438\u043d\u0442\u0435\u0440\u044c\u0435\u0440\u0435 \u043e\u0431\u044a\u0451\u043c\u043d\u044b\u0445 \u0440\u0435\u0437\u043d\u044b\u0445 \u0441\u043a\u0443\u043b\u044c\u043f\u0442\u0443\u0440, \u0437\u0430\u043a\u0440\u0443\u0433\u043b\u0451\u043d\u043d\u044b\u0435 \u0444\u043e\u0440\u043c\u044b.", "is_active": false}}, {"model": "mainapp.product", "pk": 31, "fields": {"category": 13, "name": "\u043a\u043e\u043c\u0444\u043e\u0440\u0442 1", "image": "products_images/product-1.jpg", "short_desc": "\u043a\u043e\u043c\u0444\u043e\u0440\u0442\u043d\u044b\u0439 \u0441\u0442\u0443\u043b", "description": "\u043f\u043e\u0434\u043e\u0439\u0434\u0435\u0442 \u0434\u043b\u044f \u043f\u0440\u043e\u0441\u043c\u043e\u0442\u0440\u0430 \u0444\u0438\u043b\u044c\u043c\u043e\u0432", "price": "2989.50", "quantity": 0, "is_active": true}}, {"model": "mainapp.product", "pk": 32, "fields": {"category": 13, "name": "\u043a\u043e\u043c\u0444\u043e\u0440\u0442 2", "image": "products_images/product-2.jpg", "short_desc": "\u043e\u0447\u0435\u043d\u044c \u043a\u043e\u043c\u0444\u043e\u0440\u0442\u043d\u044b\u0439 \u0441\u0442\u0443\u043b", "description": "\u043f\u043e\u0434\u043e\u0439\u0434\u0435\u0442 \u0434\u043b\u044f \u043e\u0431\u0449\u0435\u043d\u0438\u044f \u0441 \u0434\u0440\u0443\u0437\u044c\u044f\u043c\u0438", "price": "3687.20", "quantity": 23, "is_active": true}}, {"model": "mainapp.product", "pk": 33, "fields": {"category": 13, "name": "\u043b\u044e\u043a\u0441", "image": "products_images/product-3.jpg", "short_desc": "\u0438\u0441\u043f\u043e\u043b\u044c\u0437\u043e\u0432\u0430\u043d\u044b \u043f\u0440\u0435\u043c\u0438\u0430\u043b\u044c\u043d\u044b\u0435 \u043c\u0430\u0442\u0435\u0440\u0438\u0430\u043b\u044b", "description": "\u0434\u043b\u044f \u0442\u0435\u0445, \u043a\u0442\u043e \u0441\u0442\u0440\u0435\u043c\u0438\u0442\u0441\u044f \u043a \u043b\u0443\u0447\u0448\u0435\u043c\u0443", "price": "8157.99", "quantity": 8, "is_active": true}}, {"model": "mainapp.product", "pk": 34, "fields": {"category": 14, "name": "\u0441\u0442\u0430\u043d\u0434\u0430\u0440\u0442", "image": "products_images/product-4.jpg", "short_desc": "\u0443\u043d\u0438\u0432\u0435\u0440\u0441\u0430\u043b\u044c\u043d\u043e\u0435 \u0440\u0435\u0448\u0435\u043d\u0438\u0435", "description": "\u043f\u043e\u0434\u043e\u0439\u0434\u0435\u0442 \u0434\u043b\u044f \u043b\u044e\u0431\u043e\u0433\u043e \u043e\u0444\u0438\u0441\u0430", "price": "1895.25", "quantity": 27, "is_active": true}}, {"model": "mainapp.product", "pk": 35, "fields": {"category": 14, "name": "\u043f\u0440\u0435\u043c\u0438\u0443\u043c", "image": "products_images/product-5.jpg", "short_desc": "\u0443\u043b\u0443\u0447\u0448\u0435\u043d\u043d\u044b\u0439 \u0434\u0438\u0437\u0430\u0439\u043d", "description": "\u0438\u0434\u0435\u0430\u043b\u044c\u043d\u043e \u0432\u043f\u0438\u0448\u0435\u0442\u0441\u044f \u0432 \u0441\u0442\u0440\u043e\u0433\u0438\u0439 \u0438\u043d\u0442\u0435\u0440\u044c\u0435\u0440 \u043e\u0444\u0438\u0441\u0430", "price": "3587.41", "quantity": 9, "is_active": true}}, {"model": "mainapp.product", "pk": 36, "fields": {"category": 15, "name": "\u043d\u043e\u0432\u0438\u043d\u043a\u0430", "image": "products_images/product-6.jpg", "short_desc": "\u0438\u043d\u043d\u043e\u0432\u0430\u0446\u0438\u043e\u043d\u043d\u044b\u0439 \u0434\u0438\u0437\u0430\u0439\u043d", "description": "\u043d\u0435\u0441\u0442\u0430\u043d\u0434\u0430\u0440\u0442\u043d\u043e\u0435 \u0440\u0435\u0448\u0435\u043d\u0438\u0435 \u0434\u043b\u044f \u0441\u043e\u0432\u0440\u0435\u043c\u0435\u043d\u043d\u043e\u0433\u043e \u0438\u043d\u0442\u0435\u0440\u044c\u0435\u0440\u0430", "price": "5361.47", "quantity": 18, "is_active": true}}, {"model": "mainapp.product", "pk": 37, "fields": {"category": 15, "name": "\u043f\u0440\u043e\u0433\u0440\u0435\u0441\u0441", "image": "products_images/product-7.jpg", "short_desc": "\u043f\u0440\u043e\u0433\u0440\u0435\u0441\u0441\u0438\u0432\u043d\u044b\u0439 \u0434\u0438\u0437\u0430\u0439\u043d", "description": "\u0444\u0443\u043d\u043a\u0446\u0438\u043e\u043d\u0430\u043b\u044c\u043d\u043e\u0435 \u0438 \u043a\u043e\u043c\u0444\u043e\u0440\u0442\u043d\u043e\u0435 \u0440\u0435\u0448\u0435\u043d\u0438\u0435", "price": "6789.33", "quantity": 12, "is_active": true}}, {"model": "mainapp.product", "pk": 38, "fields": {"category": 16, "name": "\u0432\u0435\u043d\u0435\u0446\u0438\u044f", "image": "products_images/product-8.jpg", "short_desc": "\u043a\u043b\u0430\u0441\u0441\u0438\u0447\u0435\u0441\u043a\u0438\u0435 \u0444\u043e\u0440\u043c\u044b", "description": "\u043e\u043a\u0443\u043d\u0438\u0442\u0435\u0441\u044c \u0432 \u0435\u0432\u0440\u043e\u043f\u0435\u0439\u0441\u043a\u0438\u0439 \u043a\u043e\u043c\u0444\u043e\u0440\u0442", "price": "4147.51", "quantity": 19, "is_active": true}}, {"model": "mainapp.product", "pk": 39, "fields": {"category": 16, "name": "\u0442\u043e\u0441\u043a\u0430\u043d\u0430", "image": "products_images/product-9.jpg", "short_desc": "\u044d\u0440\u0433\u043e\u043d\u043e\u043c\u0438\u0447\u043d\u0430\u044f \u0441\u043f\u0438\u043d\u043a\u0430", "description": "\u043f\u043e\u0447\u0443\u0432\u0441\u0442\u0432\u0443\u0439\u0442\u0435 \u043a\u043e\u043c\u0444\u043e\u0440\u0442 \u0438 \u043d\u0430\u0441\u043b\u0430\u0434\u0438\u0442\u0435\u0441\u044c \u0446\u0432\u0435\u0442\u043e\u0432\u043e\u0439 \u0433\u0430\u043c\u043c\u043e\u0439", "price": "7147.35", "quantity": 18, "is_active": true}}, {"model": "mainapp.product", "pk": 40, "fields": {"category": 16, "name": "\u0440\u0438\u043c", "image": "products_images/product-10.jpg", "short_desc": "\u0443\u0434\u0430\u0447\u043d\u044b\u0435 \u043f\u0440\u043e\u043f\u043e\u0440\u0446\u0438\u0438", "description": "\u043a\u043e\u043c\u043f\u0430\u043a\u0442\u043d\u043e\u0441\u0442\u044c \u0438 \u0444\u0443\u043d\u043a\u0446\u0438\u043e\u043d\u0430\u043b\u044c\u043d\u043e\u0441\u0442\u044c", "price": "8357.77", "quantity": 8, "is_active": true}}, {"model": "mainapp.product", "pk": 41, "fields": {"category": 16, "name": "123", "image": "", "short_desc": "123", "description": "123", "price": "123.00", "quantity": 123, "is_active": false}}, {"model": "mainapp.product", "pk": 42, "fields": {"category": 17, "name": "123", "image": "", "short_desc": "123", "description": "123", "price": "123.00", "quantity": 321, "is_active": true}}, {"model": "mainapp.menucategory", "pk": 1, "fields": {"name": "\u0432\u0441\u0435", "desc": ""}}, {"model": "mainapp.menucategory", "pk": 2, "fields": {"name": "\u0434\u043e\u043c", "desc": ""}}, {"model": "mainapp.menucategory", "pk": 3, "fields": {"name": "\u043e\u0444\u0438\u0441", "desc": ""}}, {"model": "mainapp.menucategory", "pk": 4, "fields": {"name": "\u043c\u043e\u0434\u0435\u0440\u043d", "desc": ""}}, {"model": "mainapp.menucategory", "pk": 5, "fields": {"name": "\u043a\u043b\u0430\u0441\u0441\u0438\u043a\u0430", "desc": ""}}, {"model": "authapp.shopuser", "pk": 1, "fields": {"password": "pbkdf2_sha256$180000$hc8lUp68QAN0$ZKaud0oBPT72QUT7UMXI/K63LMiZo87TeoXW4ZD6Vig=", "last_login": "2020-08-31T06:15:07.343Z", "is_superuser": true, "username": "django", "first_name": "", "last_name": "", "email": "django@geekshop.local", "is_staff": true, "is_active": true, "date_joined": "2020-08-01T15:35:59Z", "avatar": "users_avatars/product-4-sm.jpg", "age": 24, "activation_key": "", "activation_key_expires": "2020-08-24T18:03:32.907Z", "groups": [], "user_permissions": []}}, {"model": "authapp.shopuser", "pk": 2, "fields": {"password": "pbkdf2_sha256$180000$brP6OSPeuC2R$jg1cfsGkX1zbsjEWTGon5qjTptN7H0bkFsj2gPLWltE=", "last_login": "2020-08-01T20:10:43.214Z", "is_superuser": false, "username": "vasya234", "first_name": "vasya", "last_name": "", "email": "vasya@example.com", "is_staff": false, "is_active": true, "date_joined": "2020-08-01T16:10:20.927Z", "avatar": "users_avatars/product-5-sm.jpg", "age": 24234, "activation_key": "", "activation_key_expires": "2020-08-24T18:03:32.907Z", "groups": [], "user_permissions": []}}, {"model": "authapp.shopuser", "pk": 3, "fields": {"password": "pbkdf2_sha256$180000$ytF5MNbGTMDW$mux1lZhN1NwDV6OOVAKxVJmONL56wtJWcoETnjtfoZI=", "last_login": "2020-08-12T08:43:00Z", "is_superuser": false, "username": "django1", "first_name": "1", "last_name": "", "email": "django1@yandex.ru", "is_staff": false, "is_active": true, "date_joined": "2020-08-12T08:40:47Z", "avatar": "", "age": 25, "activation_key": "", "activation_key_expires": "2020-08-24T18:03:32.907Z", "groups": [], "user_permissions": []}}, {"model": "authapp.shopuser", "pk": 4, "fields": {"password": "pbkdf2_sha256$180000$RQmIeGM3F0mn$sq/hv/H6iFPkz7m5mhYsNbIb94oH1bPmT8jBY8bcSlQ=", "last_login": "2020-08-16T11:01:23.698Z", "is_superuser": true, "username": "user", "first_name": "vasya", "last_name": "", "email": "geek@stroe.com", "is_staff": false, "is_active": true, "date_joined": "2020-08-16T11:00:14.584Z", "avatar": "", "age": 19, "activation_key": "", "activation_key_expires": "2020-08-24T18:03:32.907Z", "groups": [], "user_permissions": []}}, {"model": "authapp.shopuser", "pk": 5, "fields": {"password": "pbkdf2_sha256$180000$0pUQDjb71cIs$B/XYyrOkM9hGDnQmhdU9R7E6YsT+3M5EPZcVmj57VIQ=", "last_login": null, "is_superuser": false, "username": "django3", "first_name": "dkango3", "last_name": "", "email": "django3@local.host", "is_staff": false, "is_active": false, "date_joined": "2020-08-22T18:18:09.070Z", "avatar": "", "age": 25, "activation_key": "4145ce217a0bfcdb7272cc526157fe71d7ca853f", "activation_key_expires": "2020-08-24T18:16:45.312Z", "groups": [], "user_permissions": []}}, {"model": "authapp.shopuser", "pk": 6, "fields": {"password": "pbkdf2_sha256$180000$cPbM49dgKcYx$STVaUptLH5nCfkriMKA7FYMlczvwwMsiEcPRSGAj3ig=", "last_login": null, "is_superuser": false, "username": "django4", "first_name": "django4", "last_name": "", "email": "django3@local.host", "is_staff": false, "is_active": false, "date_joined": "2020-08-22T18:19:43.198Z", "avatar": "", "age": 21, "activation_key": "6f49ddf83a6894fe3e4a94741c39c480e6e73337", "activation_key_expires": "2020-08-24T18:19:07.041Z", "groups": [], "user_permissions": []}}, {"model": "authapp.shopuser", "pk": 7, "fields": {"password": "pbkdf2_sha256$180000$I4aVupKD980e$pFnxXaiukALHpQ1LHJ63nghhmNPo6Kdg5bUzTaFsW2I=", "last_login": null, "is_superuser": false, "username": "django5", "first_name": "django5", "last_name": "", "email": "django5@local.host", "is_staff": false, "is_active": false, "date_joined": "2020-08-22T18:21:03.612Z", "avatar": "", "age": 25, "activation_key": "844234325a7d611ef2675320f4fe1644218ce76f", "activation_key_expires": "2020-08-24T18:20:29.002Z", "groups": [], "user_permissions": []}}, {"model": "authapp.shopuser", "pk": 8, "fields": {"password": "pbkdf2_sha256$180000$aSODhMDWUOXA$u0tRfLHNQ22oDgJ+YxRCByhdStw1oK/n5pewTR3EJvo=", "last_login": null, "is_superuser": false, "username": "django6", "first_name": "django6", "last_name": "", "email": "django6@geekshop.local", "is_staff": false, "is_active": false, "date_joined": "2020-08-22T18:27:56.615Z", "avatar": "", "age": 25, "activation_key": "19960366ea005bab20cd17f8d751c01e253c48e9", "activation_key_expires": "2020-08-24T18:24:13.785Z", "groups": [], "user_permissions": []}}, {"model": "authapp.shopuser", "pk": 9, "fields": {"password": "pbkdf2_sha256$180000$aXSHRQPGp4t9$VChC8V8VB1yyB0Yazgu26+bLoAd1BWkUG1hvZ7PD3p4=", "last_login": null, "is_superuser": false, "username": "django7", "first_name": "django7", "last_name": "", "email": "django7@geekshop.local", "is_staff": false, "is_active": false, "date_joined": "2020-08-22T18:35:24.768Z", "avatar": "", "age": 25, "activation_key": "3f3c3de7b6eb141a7116ab6ebbe080ae57035e0a", "activation_key_expires": "2020-08-24T18:34:42.917Z", "groups": [], "user_permissions": []}}, {"model": "authapp.shopuser", "pk": 10, "fields": {"password": "pbkdf2_sha256$180000$vkPDXOeQS5mo$hAop+unQOGbeODnnPsn/vRXVDrcjevocDI16e2hWv9Q=", "last_login": null, "is_superuser": false, "username": "django8", "first_name": "django8", "last_name": "", "email": "django8@geekshop.local", "is_staff": false, "is_active": false, "date_joined": "2020-08-22T18:37:44.140Z", "avatar": "", "age": 65, "activation_key": "3c3b2482643ce69ff3699fe6bf2a4c8ce3c4f1c9", "activation_key_expires": "2020-08-24T18:36:51.407Z", "groups": [], "user_permissions": []}}, {"model": "authapp.shopuser", "pk": 11, "fields": {"password": "pbkdf2_sha256$180000$U96q4mJT8aqV$cD12wC2+4ZEgs5ISv56z/b4oEvIY26ZijW/bpJ2aK98=", "last_login": "2020-08-22T18:57:47.616Z", "is_superuser": false, "username": "django9", "first_name": "django9", "last_name": "", "email": "django9@geekshop.local", "is_staff": false, "is_active": true, "date_joined": "2020-08-22T18:52:35.831Z", "avatar": "", "age": 65, "activation_key": "01b4ec793c7ee7274db841ab1313b4dcf04ad58a", "activation_key_expires": "2020-08-24T18:51:59.479Z", "groups": [], "user_permissions": []}}, {"model": "authapp.shopuser", "pk": 12, "fields": {"password": "pbkdf2_sha256$180000$Z3wkyvIlTaP3$ApoMihnuQWb/RvEIkn8nOhbF0N5+TEF1CSclhXd3E/k=", "last_login": "2020-08-22T18:58:04.180Z", "is_superuser": false, "username": "django10", "first_name": "django10", "last_name": "", "email": "django10@local.shop", "is_staff": false, "is_active": true, "date_joined": "2020-08-22T18:53:32.767Z", "avatar": "", "age": 75, "activation_key": "2f1d7bd7d2fa59878bb99754d94812a534830b39", "activation_key_expires": "2020-08-24T18:53:07.903Z", "groups": [], "user_permissions": []}}, {"model": "authapp.shopuser", "pk": 14, "fields": {"password": "pbkdf2_sha256$180000$ri3g0rHT7Qr0$LiWc6YaoN3G1eC0UTTYhZb1S7y70u3UtAJLLYXCz2Vk=", "last_login": "2020-08-26T04:42:15.257Z", "is_superuser": false, "username": "django15", "first_name": "django15", "last_name": "", "email": "django15@local.shop", "is_staff": false, "is_active": true, "date_joined": "2020-08-26T04:41:48.280Z", "avatar": "", "age": 18, "activation_key": "f69f7c9b06fc3f361ded149fd0cd56388401b587", "activation_key_expires": "2020-08-28T04:40:53.153Z", "groups": [], "user_permissions": []}}, {"model": "authapp.shopuserprofile", "pk": 1, "fields": {"user": 1, "tagline": "", "aboutMe": "", "gender": "M"}}, {"model": "authapp.shopuserprofile", "pk": 2, "fields": {"user": 2, "tagline": "", "aboutMe": "", "gender": ""}}, {"model": "authapp.shopuserprofile", "pk": 3, "fields": {"user": 3, "tagline": "", "aboutMe": "", "gender": ""}}, {"model": "authapp.shopuserprofile", "pk": 4, "fields": {"user": 4, "tagline": "", "aboutMe": "", "gender": ""}}, {"model": "authapp.shopuserprofile", "pk": 5, "fields": {"user": 5, "tagline": "", "aboutMe": "", "gender": ""}}, {"model": "authapp.shopuserprofile", "pk": 6, "fields": {"user": 6, "tagline": "", "aboutMe": "", "gender": ""}}, {"model": "authapp.shopuserprofile", "pk": 7, "fields": {"user": 7, "tagline": "", "aboutMe": "", "gender": ""}}, {"model": "authapp.shopuserprofile", "pk": 8, "fields": {"user": 8, "tagline": "", "aboutMe": "", "gender": ""}}, {"model": "authapp.shopuserprofile", "pk": 9, "fields": {"user": 9, "tagline": "", "aboutMe": "", "gender": ""}}, {"model": "authapp.shopuserprofile", "pk": 10, "fields": {"user": 10, "tagline": "", "aboutMe": "", "gender": ""}}, {"model": "authapp.shopuserprofile", "pk": 11, "fields": {"user": 11, "tagline": "", "aboutMe": "", "gender": ""}}, {"model": "authapp.shopuserprofile", "pk": 12, "fields": {"user": 12, "tagline": "", "aboutMe": "", "gender": ""}}, {"model": "authapp.shopuserprofile", "pk": 14, "fields": {"user": 14, "tagline": "", "aboutMe": "", "gender": ""}}, {"model": "ordersapp.order", "pk": 1, "fields": {"user": 1, "created": "2020-08-31T08:20:05.572Z", "updated": "2020-08-31T08:20:22.487Z", "status": "STP", "is_active": true}}, {"model": "ordersapp.order", "pk": 2, "fields": {"user": 1, "created": "2020-08-31T08:20:54.659Z", "updated": "2020-08-31T08:21:00.243Z", "status": "STP", "is_active": true}}, {"model": "ordersapp.order", "pk": 3, "fields": {"user": 1, "created": "2020-08-31T08:43:13.298Z", "updated": "2020-08-31T08:43:13.596Z", "status": "FM", "is_active": false}}, {"model": "ordersapp.order", "pk": 4, "fields": {"user": 1, "created": "2020-08-31T08:43:19.756Z", "updated": "2020-08-31T08:43:27.779Z", "status": "FM", "is_active": false}}, {"model": "ordersapp.order", "pk": 5, "fields": {"user": 1, "created": "2020-09-01T04:35:31.970Z", "updated": "2020-09-01T04:40:39.170Z", "status": "FM", "is_active": false}}, {"model": "ordersapp.order", "pk": 6, "fields": {"user": 1, "created": "2020-09-01T04:41:17.498Z", "updated": "2020-09-01T04:41:27.353Z", "status": "FM", "is_active": false}}, {"model": "ordersapp.order", "pk": 7, "fields": {"user": 1, "created": "2020-09-01T04:48:31.107Z", "updated": "2020-09-02T05:23:43.405Z", "status": "FM", "is_active": false}}, {"model": "ordersapp.order", "pk": 8, "fields": {"user": 1, "created": "2020-09-02T05:23:57.388Z", "updated": "2020-09-02T06:37:35.645Z", "status": "FM", "is_active": false}}, {"model": "ordersapp.order", "pk": 9, "fields": {"user": 1, "created": "2020-09-02T06:37:47.494Z", "updated": "2020-09-02T06:38:14.538Z", "status": "FM", "is_active": false}}, {"model": "ordersapp.order", "pk": 10, "fields": {"user": 1, "created": "2020-09-02T06:38:26.820Z", "updated": "2020-09-02T06:39:00.653Z", "status": "STP", "is_active": true}}, {"model": "ordersapp.order", "pk": 11, "fields": {"user": 1, "created": "2020-09-02T06:39:23.766Z", "updated": "2020-09-05T07:11:03.269Z", "status": "FM", "is_active": true}}, {"model": "ordersapp.orderitem", "pk": 1, "fields": {"order": 1, "product": 39, "quantity": 4}}, {"model": "ordersapp.orderitem", "pk": 2, "fields": {"order": 1, "product": 31, "quantity": 10}}, {"model": "ordersapp.orderitem", "pk": 3, "fields": {"order": 1, "product": 40, "quantity": 4}}, {"model": "ordersapp.orderitem", "pk": 4, "fields": {"order": 1, "product": 33, "quantity": 4}}, {"model": "ordersapp.orderitem", "pk": 5, "fields": {"order": 2, "product": 35, "quantity": 1}}, {"model": "ordersapp.orderitem", "pk": 6, "fields": {"order": 4, "product": 33, "quantity": 1}}, {"model": "ordersapp.orderitem", "pk": 7, "fields": {"order": 5, "product": 31, "quantity": 2}}, {"model": "ordersapp.orderitem", "pk": 8, "fields": {"order": 6, "product": 32, "quantity": 2}}, {"model": "ordersapp.orderitem", "pk": 9, "fields": {"order": 6, "product": 34, "quantity": 1}}, {"model": "ordersapp.orderitem", "pk": 10, "fields": {"order": 7, "product": 32, "quantity": 4}}, {"model": "ordersapp.orderitem", "pk": 11, "fields": {"order": 7, "product": 31, "quantity": 1}}, {"model": "ordersapp.orderitem", "pk": 12, "fields": {"order": 7, "product": 31, "quantity": 3}}, {"model": "ordersapp.orderitem", "pk": 13, "fields": {"order": 7, "product": 31, "quantity": 2}}, {"model": "ordersapp.orderitem", "pk": 14, "fields": {"order": 7, "product": 33, "quantity": 2}}, {"model": "ordersapp.orderitem", "pk": 15, "fields": {"order": 8, "product": 31, "quantity": 3}}, {"model": "ordersapp.orderitem", "pk": 16, "fields": {"order": 8, "product": 31, "quantity": 2}}, {"model": "ordersapp.orderitem", "pk": 20, "fields": {"order": 10, "product": 31, "quantity": 3}}, {"model": "ordersapp.orderitem", "pk": 21, "fields": {"order": 11, "product": 31, "quantity": 5}}, {"model": "ordersapp.orderitem", "pk": 23, "fields": {"order": 11, "product": 38, "quantity": 3}}, {"model": "admin.logentry", "pk": 1, "fields": {"action_time": "2020-08-01T15:39:48.324Z", "user": 1, "content_type": 8, "object_id": "1", "object_repr": "\u0432\u0441\u0435", "action_flag": 1, "change_message": "[{\"added\": {}}]"}}, {"model": "admin.logentry", "pk": 2, "fields": {"action_time": "2020-08-01T15:40:02.121Z", "user": 1, "content_type": 8, "object_id": "2", "object_repr": "\u0434\u043e\u043c", "action_flag": 1, "change_message": "[{\"added\": {}}]"}}, {"model": "admin.logentry", "pk": 3, "fields": {"action_time": "2020-08-01T15:40:07.379Z", "user": 1, "content_type": 8, "object_id": "3", "object_repr": "\u043e\u0444\u0438\u0441", "action_flag": 1, "change_message": "[{\"added\": {}}]"}}, {"model": "admin.logentry", "pk": 4, "fields": {"action_time": "2020-08-01T15:40:11.486Z", "user": 1, "content_type": 8, "object_id": "4", "object_repr": "\u043c\u043e\u0434\u0435\u0440\u043d", "action_flag": 1, "change_message": "[{\"added\": {}}]"}}, {"model": "admin.logentry", "pk": 5, "fields": {"action_time": "2020-08-01T15:40:14.781Z", "user": 1, "content_type": 8, "object_id": "5", "object_repr": "\u043a\u043b\u0430\u0441\u0441\u0438\u043a\u0430", "action_flag": 1, "change_message": "[{\"added\": {}}]"}}, {"model": "admin.logentry", "pk": 6, "fields": {"action_time": "2020-08-05T08:56:53.111Z", "user": 1, "content_type": 10, "object_id": "7", "object_repr": "Basket object (7)", "action_flag": 3, "change_message": ""}}, {"model": "admin.logentry", "pk": 7, "fields": {"action_time": "2020-08-05T09:31:29.306Z", "user": 1, "content_type": 10, "object_id": "11", "object_repr": "Basket object (11)", "action_flag": 3, "change_message": ""}}, {"model": "admin.logentry", "pk": 8, "fields": {"action_time": "2020-08-05T09:31:29.448Z", "user": 1, "content_type": 10, "object_id": "10", "object_repr": "Basket object (10)", "action_flag": 3, "change_message": ""}}, {"model": "admin.logentry", "pk": 9, "fields": {"action_time": "2020-08-05T09:31:29.573Z", "user": 1, "content_type": 10, "object_id": "9", "object_repr": "Basket object (9)", "action_flag": 3, "change_message": ""}}, {"model": "admin.logentry", "pk": 10, "fields": {"action_time": "2020-08-05T09:31:29.673Z", "user": 1, "content_type": 10, "object_id": "8", "object_repr": "Basket object (8)", "action_flag": 3, "change_message": ""}}, {"model": "admin.logentry", "pk": 11, "fields": {"action_time": "2020-08-05T09:31:29.832Z", "user": 1, "content_type": 10, "object_id": "6", "object_repr": "Basket object (6)", "action_flag": 3, "change_message": ""}}, {"model": "admin.logentry", "pk": 12, "fields": {"action_time": "2020-08-05T09:31:29.940Z", "user": 1, "content_type": 10, "object_id": "5", "object_repr": "Basket object (5)", "action_flag": 3, "change_message": ""}}, {"model": "admin.logentry", "pk": 13, "fields": {"action_time": "2020-08-05T09:31:30.047Z", "user": 1, "content_type": 10, "object_id": "4", "object_repr": "Basket object (4)", "action_flag": 3, "change_message": ""}}, {"model": "admin.logentry", "pk": 14, "fields": {"action_time": "2020-08-05T09:31:30.181Z", "user": 1, "content_type": 10, "object_id": "3", "object_repr": "Basket object (3)", "action_flag": 3, "change_message": ""}}, {"model": "admin.logentry", "pk": 15, "fields": {"action_time": "2020-08-05T09:31:30.297Z", "user": 1, "content_type": 10, "object_id": "2", "object_repr": "Basket object (2)", "action_flag": 3, "change_message": ""}}, {"model": "admin.logentry", "pk": 16, "fields": {"action_time": "2020-08-05T09:31:30.398Z", "user": 1, "content_type": 10, "object_id": "1", "object_repr": "Basket object (1)", "action_flag": 3, "change_message": ""}}, {"model": "admin.logentry", "pk": 17, "fields": {"action_time": "2020-08-05T09:52:00.114Z", "user": 1, "content_type": 10, "object_id": "17", "object_repr": "Basket object (17)", "action_flag": 3, "change_message": ""}}, {"model": "admin.logentry", "pk": 18, "fields": {"action_time": "2020-08-05T09:52:00.228Z", "user": 1, "content_type": 10, "object_id": "16", "object_repr": "Basket object (16)", "action_flag": 3, "change_message": ""}}, {"model": "admin.logentry", "pk": 19, "fields": {"action_time": "2020-08-05T09:52:00.379Z", "user": 1, "content_type": 10, "object_id": "15", "object_repr": "Basket object (15)", "action_flag": 3, "change_message": ""}}, {"model": "admin.logentry", "pk": 20, "fields": {"action_time": "2020-08-05T09:52:00.495Z", "user": 1, "content_type": 10, "object_id": "14", "object_repr": "Basket object (14)", "action_flag": 3, "change_message": ""}}, {"model": "admin.logentry", "pk": 21, "fields": {"action_time": "2020-08-05T09:52:00.636Z", "user": 1, "content_type": 10, "object_id": "13", "object_repr": "Basket object (13)", "action_flag": 3, "change_message": ""}}, {"model": "admin.logentry", "pk": 22, "fields": {"action_time": "2020-08-05T09:52:00.745Z", "user": 1, "content_type": 10, "object_id": "12", "object_repr": "Basket object (12)", "action_flag": 3, "change_message": ""}}]